name,measurement_unit
flour,g
sugar,g
butter,g
milk,ml
eggs,pcs
vanilla extract,tsp
baking powder,tsp
cocoa powder,g
chocolate,g
bananas,pcs
blueberries,g
strawberries,g
raspberries,g
blackberries,g
lemon,pcs
lime,pcs
cream cheese,g
icing sugar,g
walnuts,g
almonds,g
pecans,g
yeast,g
water,ml
oil,ml
vinegar,ml
honey,g
maple syrup,ml
oats,g
raisins,g
cinnamon,tsp
nutmeg,tsp
cloves,tsp
ginger,tsp
allspice,tsp
cardamom,tsp
pumpkin puree,g
carrots,g
apples,pcs
pears,pcs
peaches,pcs
plums,pcs
grapes,g
orange,pcs
kiwi,pcs
pineapple,g
mango,pcs
avocado,pcs
coconut milk,ml
almond milk,ml
soy milk,ml
rice milk,ml
breadcrumbs,g
yeast dry,g
tomatoes,pcs
bell peppers,pcs
cucumbers,pcs
lettuce,g
spinach,g
kale,g
onions,pcs
garlic,cloves
olives,g
feta cheese,g
mozzarella cheese,g
parsley,g
cilantro,g
basil,g
rosemary,g
oregano,g
chili powder,tsp
paprika,tsp
cumin,tsp
coriander,tsp
turmeric,tsp
saffron,threads
bay leaves,pcs
dill,g
chives,g
tarragon,g
mint,g
sage,g
capers,g
anchovies,g
salmon,g
tuna,g
shrimp,g
clams,g
oysters,g
lobster,g
chicken breast,g
beef steak,g
pork chops,g
lamb shank,g
veal,g
turkey,g
duck,g
goose,g
rabbit,g
quail,g
squid,g
octopus,g
halibut,g
cod,g
trout,g
carp,g
beets,g
potatoes,g
sweet potatoes,g
leeks,g
celery stalks,g
celery root,g
fennel,g
cabbage,g
red cabbage,g
savoy cabbage,g
brussels sprouts,g
kohlrabi,g
cauliflower,g
broccoli,g
zucchini,g
squash,g
eggplant,g
mushrooms,g
shiitake mushrooms,g
chanterelle mushrooms,g
porcini mushrooms,g
morel mushrooms,g
radishes,g
turnips,g
parsnips,g
rutabaga,g
black eyed peas,g
chickpeas,g
lentils,g
kidney beans,g
navy beans,g
butter beans,g
pinto beans,g
cannellini beans,g
lima beans,g
green beans,g
soy beans,g
edamame,g
mung beans,g
peas,g
sweetcorn,g
baby corn,g
okra,g
artichoke hearts,g
asparagus,g
avocado oil,ml
peanut oil,ml
sesame oil,ml
canola oil,ml
olive oil,ml
sunflower oil,ml
coconut oil,g
grapeseed oil,ml
flaxseed oil,ml
walnut oil,ml
almond oil,ml
hazelnut oil,ml
macadamia nut oil,ml
pumpkin seed oil,ml
sesame seeds,g
poppy seeds,g
sunflower seeds,g
flax seeds,g
chia seeds,g
pumpkin seeds,g
hemp seeds,g
almond flour,g
coconut flour,g
buckwheat flour,g
rye flour,g
corn flour,g
tapioca flour,g
rice flour,g
quinoa,g
bulgur,g
couscous,g
polenta,g
oatmeal,g
buckwheat,g
barley,g
millet,g
farro,g
spelt,g
amaranth,g
kamut,g
teff,g
wild rice,g
brown rice,g
basmati rice,g
jasmine rice,g
black rice,g
red rice,g
sticky rice,g
sushi rice,g
bok choy,g
arugula,g
romaine lettuce,g
iceberg lettuce,g
radicchio,g
endive,g
swiss chard,g
collard greens,g
mustard greens,g
turnip greens,g
beet greens,g
dandelion greens,g
watercress,g
thyme,g
chervil,g
marjoram,g
bay leaf,g
coriander seeds,g
cumin seeds,g
fennel seeds,g
caraway seeds,g
mustard seeds,g
chocolate chips,g
cocoa nibs,g
white chocolate chips,g
dark chocolate,g
milk chocolate,g
cacao powder,g
coffee,ml
espresso,ml
chai tea,ml
green tea,ml
black tea,ml
oolong tea,ml
white tea,ml
rooibos tea,ml
peppermint tea,ml
chamomile tea,ml
hibiscus tea,ml
jasmine tea,ml
ginger tea,ml
turmeric tea,ml
cinnamon sticks,g
star anise,g
peppercorns,g
cayenne pepper,g
chili flakes,g
jalapenos,g
chipotle,g
habanero,g
scotch bonnet,g
poblano,g
serrano,g
anaheim,g
fresno,g
tabasco,g
bell pepper,g
sardines,g
mackerel,g
haddock,g
swordfish,g
sole,g
catfish,g
tilapia,g
barramundi,g
mahi mahi,g
crab,g
mussels,g
scallops,g
prawns,g
caviar,g
chicken thighs,g
chicken wings,g
chicken drumsticks,g
turkey breast,g
duck breast,g
pork belly,g
pork loin,g
bacon,g
ham,g
ground beef,g
lamb,g
elk,g
bison,g
venison,g
sausages,g
prosciutto,g
pancetta,g
salami,g
chorizo,g
pastrami,g
pepperoni,g
corned beef,g
chicken liver,g
beef liver,g
foie gras,g
pheasant,g
partridge,g
guinea fowl,g
emu,g
ostrich,g
boar,g
bear,g
moose,g
kangaroo,g
black beans,g
garbanzo beans,g
fava beans,g
black-eyed peas,g
green peas,g
split peas,g
pigeon peas,g
white rice,g
mortadella,g
capicola,g
bresaola,g
liverwurst,g
black pudding,g
white pudding,g
pate,g
cheese,g
cheddar,g
mozzarella,g
parmesan,g
gouda,g
brie,g
camembert,g
blue cheese,g
feta,g
goat cheese,g
ricotta,g
cottage cheese,g
swiss cheese,g
monterey jack,g
colby jack,g
provolone,g
gorgonzola,g
roquefort,g
stilton,g
manchego,g
asiago,g
pecorino,g
gruyere,g
fontina,g
emmental,g
muenster,g
limburger,g
jarlsberg,g
havarti,g
butterkase,g
brick cheese,g
american cheese,g
vegan cheese,g
almond milk cheese,g
soy cheese,g
cashew cheese,g
wheat germ,g
freekeh,g
cashews,g
hazelnuts,g
macadamia nuts,g
pistachios,g
brazil nuts,g
pine nuts,g
coconut,g
dates,g
figs,g
prunes,g
currants,g
dried cranberries,g
dried cherries,g
dried apricots,g
dried peaches,g
dried mango,g
dried pineapple,g
dried papaya,g
molasses,g
agave syrup,g
corn syrup,g
brown rice syrup,g
stevia,g
monk fruit sweetener,g
coconut sugar,g
date sugar,g
raw sugar,g
brown sugar,g
confectioners' sugar,g
granulated sugar,g
cane sugar,g
malt syrup,g
golden syrup,g
blackstrap molasses,g
sorghum syrup,g
rice bran syrup,g
barley malt syrup,g
cornstarch,g
tapioca starch,g
arrowroot starch,g
potato starch,g
wheat starch,g
cassava flour,g
quinoa flour,g
chickpea flour,g
spelt flour,g
oat flour,g
millet flour,g
barley flour,g
sorghum flour,g
amaranth flour,g
teff flour,g
peanut flour,g
hazelnut flour,g
walnut flour,g
pecan flour,g
pistachio flour,g
macadamia flour,g
flaxseed meal,g
almond meal,g
oat milk,ml
hemp milk,ml
cashew milk,ml
peanut milk,ml
quinoa milk,ml
macadamia milk,ml
